yr,area,Season,fz,pounds,effort
1960,1,1,1,506760,613.41
1960,1,1,2,5509492,8164.48
1960,1,1,3,13384,21.1
1960,1,2,1,466172,745.41
1960,1,2,2,2052921,3076.12
1960,1,2,3,9210,22.89
1960,1,3,1,735518,556.13
1960,1,3,2,6257670,4784.05
1960,1,3,3,0,0
1960,2,1,1,1011,4.52
1960,2,1,2,74774,139.72
1960,2,1,3,37375,77.2
1960,2,2,1,2568229,2020.91
1960,2,2,2,2051985,2539.83
1960,2,2,3,42404,126.38
1960,2,3,1,397104,570.63
1960,2,3,2,2066762,1939.75
1960,2,3,3,9965,17.5
1960,3,1,1,605425,1237.87
1960,3,1,2,2101591,3321.97
1960,3,1,3,777568,1282.32
1960,3,2,1,4750553,6507.11
1960,3,2,2,3140187,4084.85
1960,3,2,3,17502,44.47
1960,3,3,1,8913479,12668.24
1960,3,3,2,1713692,2089.21
1960,3,3,3,105143,170.1
1960,4,1,1,205395,402.98
1960,4,1,2,922724,2071.67
1960,4,1,3,57418,122.43
1960,4,2,1,5211983,3118.01
1960,4,2,2,14350992,13510.15
1960,4,2,3,4021,10.75
1960,4,3,1,3291906,3897.19
1960,4,3,2,12981629,15677.02
1960,4,3,3,68392,111.76
1961,1,1,1,908597,2257.21
1961,1,1,2,2263484,9777.58
1961,1,1,3,762,2.73
1961,1,2,1,371926,908.33
1961,1,2,2,1974942,4455.07
1961,1,2,3,0,0
1961,1,3,1,293041,596.48
1961,1,3,2,3151898,4414.79
1961,1,3,3,0,0
1961,2,1,1,1004,12.27
1961,2,1,2,37628,383.45
1961,2,1,3,16709,38.29
1961,2,2,1,1123480,2614.49
1961,2,2,2,1579618,3395.6
1961,2,2,3,16444,42.2
1961,2,3,1,98654,264.53
1961,2,3,2,460430,1139.15
1961,2,3,3,36476,99.71
1961,3,1,1,61431,918.82
1961,3,1,2,199373,1635.95
1961,3,1,3,206092,816.86
1961,3,2,1,1494511,3557.19
1961,3,2,2,2291245,4996.18
1961,3,2,3,41280,112.6
1961,3,3,1,5021647,10419.32
1961,3,3,2,798135,1574.44
1961,3,3,3,233773,531.85
1961,4,1,1,311338,1042.88
1961,4,1,2,720957,3186.83
1961,4,1,3,40479,395.89
1961,4,2,1,957535,1923.38
1961,4,2,2,10738157,21203.41
1961,4,2,3,30350,58.92
1961,4,3,1,2478096,4846.41
1961,4,3,2,2814569,5629.26
1961,4,3,3,765282,869.94
1962,1,1,1,485606,963.18
1962,1,1,2,3849608,8486.04
1962,1,1,3,12673,43.05
1962,1,2,1,838963,1978.05
1962,1,2,2,1049484,2879.99
1962,1,2,3,0,0
1962,1,3,1,356018,588.19
1962,1,3,2,2996097,4234.9
1962,1,3,3,6247,6.04
1962,2,1,1,16890,58.72
1962,2,1,2,114180,332.18
1962,2,1,3,10792,41.99
1962,2,2,1,1573371,3817.82
1962,2,2,2,399510,891.32
1962,2,2,3,0,0
1962,2,3,1,669444,1089.85
1962,2,3,2,834976,1519.66
1962,2,3,3,4273,16.42
1962,3,1,1,299786,788.45
1962,3,1,2,471143,1317.35
1962,3,1,3,514048,1203.05
1962,3,2,1,1401603,3202.34
1962,3,2,2,1024810,2175.66
1962,3,2,3,160935,479.4
1962,3,3,1,8701809,17376.01
1962,3,3,2,627593,1259.24
1962,3,3,3,196205,411.47
1962,4,1,1,243456,849.89
1962,4,1,2,628724,1934.22
1962,4,1,3,470768,1086.79
1962,4,2,1,1214589,3125.89
1962,4,2,2,6693052,13522.32
1962,4,2,3,14523,41.85
1962,4,3,1,1407463,2212.69
1962,4,3,2,7981468,13902.86
1962,4,3,3,109573,169.54
1963,1,1,1,836809,1595.95
1963,1,1,2,4261059,8775.46
1963,1,1,3,8450,14
1963,1,2,1,900781,1157.72
1963,1,2,2,1650827,3143.45
1963,1,2,3,0,0
1963,1,3,1,235737,338.14
1963,1,3,2,4019061,5003.96
1963,1,3,3,0,0
1963,2,1,1,37136,41.53
1963,2,1,2,202408,502.04
1963,2,1,3,40358,102.39
1963,2,2,1,3624318,3798.5
1963,2,2,2,1511212,1957.32
1963,2,2,3,22938,72.84
1963,2,3,1,2278955,2540.65
1963,2,3,2,334395,480.45
1963,2,3,3,0,0
1963,3,1,1,960967,2507.44
1963,3,1,2,524015,1326.19
1963,3,1,3,304671,743.57
1963,3,2,1,4965990,8772.38
1963,3,2,2,5454678,5946.79
1963,3,2,3,52393,109.49
1963,3,3,1,16159557,15490.88
1963,3,3,2,1130485,1399.98
1963,3,3,3,44858,56.36
1963,4,1,1,157998,440.5
1963,4,1,2,600209,2102.65
1963,4,1,3,81715,277.55
1963,4,2,1,1164052,2141.15
1963,4,2,2,12686859,16892.16
1963,4,2,3,28103,58.71
1963,4,3,1,2342620,3640.1
1963,4,3,2,10108294,14424.02
1963,4,3,3,153803,188.9
1964,1,1,1,1050877,1855.77
1964,1,1,2,4753929,9561.55
1964,1,1,3,1687,3.5
1964,1,2,1,917408,1519.21
1964,1,2,2,2297600,3502.13
1964,1,2,3,0,0
1964,1,3,1,741196,902.73
1964,1,3,2,4561328,5240.23
1964,1,3,3,17825,11
1964,2,1,1,207532,217.93
1964,2,1,2,304828,603.54
1964,2,1,3,958,2.61
1964,2,2,1,1876827,3023.48
1964,2,2,2,2158966,2977.87
1964,2,2,3,7691,24.85
1964,2,3,1,1220665,1514.59
1964,2,3,2,1152595,1313.54
1964,2,3,3,0,0
1964,3,1,1,3093863,3300.86
1964,3,1,2,925125,1889.32
1964,3,1,3,276819,528.95
1964,3,2,1,6020029,12659.45
1964,3,2,2,2163991,4701.1
1964,3,2,3,101963,212.83
1964,3,3,1,11467529,19774.59
1964,3,3,2,1005829,1492.01
1964,3,3,3,40863,58.71
1964,4,1,1,432327,938.91
1964,4,1,2,849247,2522.98
1964,4,1,3,55957,136.36
1964,4,2,1,1898680,3684.83
1964,4,2,2,10693700,17440.78
1964,4,2,3,31556,95.03
1964,4,3,1,2318105,4210.86
1964,4,3,2,6276230,11063.36
1964,4,3,3,249712,499.44
1965,1,1,1,881281,1478.85
1965,1,1,2,4442670,9181.5
1965,1,1,3,4078,6
1965,1,2,1,782813,1363.95
1965,1,2,2,1897362,3708.63
1965,1,2,3,8670,16
1965,1,3,1,928212,1175.67
1965,1,3,2,6089081,5420.09
1965,1,3,3,1075,2.3
1965,2,1,1,68222,167.14
1965,2,1,2,496383,852.88
1965,2,1,3,114036,210.11
1965,2,2,1,3258388,2964.41
1965,2,2,2,2429330,2983.73
1965,2,2,3,62929,96.62
1965,2,3,1,1015154,1287.47
1965,2,3,2,1252803,1628.32
1965,2,3,3,193476,210.16
1965,3,1,1,3877111,6844.2
1965,3,1,2,1297649,3098.87
1965,3,1,3,320871,617.89
1965,3,2,1,4451164,9658.35
1965,3,2,2,4820052,6791.03
1965,3,2,3,308987,598.19
1965,3,3,1,8299119,15666.95
1965,3,3,2,1631697,2016.85
1965,3,3,3,317876,442.07
1965,4,1,1,486381,1141.64
1965,4,1,2,652847,2014.34
1965,4,1,3,106442,300.29
1965,4,2,1,1064138,1889.7
1965,4,2,2,13059058,15356.41
1965,4,2,3,127815,199.7
1965,4,3,1,1668038,2225.7
1965,4,3,2,11426560,15098.98
1965,4,3,3,350073,444.98
1966,1,1,1,1019725,1975.01
1966,1,1,2,4953636,8640.64
1966,1,1,3,22902,57.05
1966,1,2,1,1146267,1940.63
1966,1,2,2,1398412,3034.92
1966,1,2,3,7840,12.18
1966,1,3,1,316658,417.02
1966,1,3,2,5021082,5578.82
1966,1,3,3,2885,6.34
1966,2,1,1,33803,67.18
1966,2,1,2,570791,888.68
1966,2,1,3,241480,389.2
1966,2,2,1,2542638,2709.15
1966,2,2,2,2660416,2830
1966,2,2,3,123515,205.18
1966,2,3,1,567872,886.88
1966,2,3,2,1320754,2099.79
1966,2,3,3,222328,286.57
1966,3,1,1,2478236,3686.28
1966,3,1,2,616940,1365.03
1966,3,1,3,823030,1596.17
1966,3,2,1,5744164,11556.91
1966,3,2,2,4677690,5267.93
1966,3,2,3,524995,1069.22
1966,3,3,1,7307127,20727.28
1966,3,3,2,2282667,2929.14
1966,3,3,3,853216,1231.03
1966,4,1,1,833161,1865.98
1966,4,1,2,1383146,3640.75
1966,4,1,3,169460,368.49
1966,4,2,1,2101970,4261.32
1966,4,2,2,10520795,14263.79
1966,4,2,3,89435,257.8
1966,4,3,1,1908112,2898.37
1966,4,3,2,11877290,18064.6
1966,4,3,3,451967,684.19
1967,1,1,1,674114,1375.71
1967,1,1,2,4014898,10246.68
1967,1,1,3,27185,61.48
1967,1,2,1,559402,788.6
1967,1,2,2,1755662,2654.75
1967,1,2,3,8471,11.64
1967,1,3,1,361019,412.95
1967,1,3,2,2555744,4455.64
1967,1,3,3,2438,6.8
1967,2,1,1,90370,253.16
1967,2,1,2,284300,746.88
1967,2,1,3,168532,319.93
1967,2,2,1,2571583,1880.28
1967,2,2,2,2962125,2594.29
1967,2,2,3,99164,79.67
1967,2,3,1,631836,984.61
1967,2,3,2,1639885,2043.09
1967,2,3,3,437612,441.9
1967,3,1,1,1714178,4910.09
1967,3,1,2,766254,1928.93
1967,3,1,3,819785,2393.96
1967,3,2,1,8514303,16423.6
1967,3,2,2,6929215,5001.19
1967,3,2,3,453949,487.09
1967,3,3,1,5887020,14195.86
1967,3,3,2,1629530,2210.91
1967,3,3,3,687481,892.14
1967,4,1,1,501183,1803.51
1967,4,1,2,920687,3312.84
1967,4,1,3,217988,623.61
1967,4,2,1,2608913,2311.83
1967,4,2,2,27428985,22759.26
1967,4,2,3,441907,350.88
1967,4,3,1,2125812,3174.9
1967,4,3,2,14368677,16906.95
1967,4,3,3,2833146,2670.11
1968,1,1,1,422189,500.98
1968,1,1,2,4213277,8998.67
1968,1,1,3,14659,29.27
1968,1,2,1,825734,984.98
1968,1,2,2,1607157,3721
1968,1,2,3,2576,7.3
1968,1,3,1,525101,421.49
1968,1,3,2,3881628,4592.43
1968,1,3,3,0,0
1968,2,1,1,127903,291.6
1968,2,1,2,548931,1149.86
1968,2,1,3,158649,281.55
1968,2,2,1,2510246,2732
1968,2,2,2,4389706,4731.82
1968,2,2,3,67278,206.47
1968,2,3,1,453302,766.76
1968,2,3,2,2297004,3196.99
1968,2,3,3,85236,148.29
1968,3,1,1,1681027,4528.65
1968,3,1,2,875377,1765.15
1968,3,1,3,1704487,4471.82
1968,3,2,1,4614900,8734.54
1968,3,2,2,4816011,5415.55
1968,3,2,3,157234,395.71
1968,3,3,1,7126555,14740.03
1968,3,3,2,2595100,3030.6
1968,3,3,3,174775,241.41
1968,4,1,1,446864,1444.63
1968,4,1,2,1009279,3119.57
1968,4,1,3,218908,618.04
1968,4,2,1,2618491,5046.18
1968,4,2,2,13127117,16445.58
1968,4,2,3,19085,53.48
1968,4,3,1,4306693,6998
1968,4,3,2,10985775,17464.82
1968,4,3,3,76150,111.83
1969,1,1,1,360330,498.16
1969,1,1,2,4126283,8189.5
1969,1,1,3,20097,43.16
1969,1,2,1,479269,850.9
1969,1,2,2,1718034,3591.64
1969,1,2,3,42774,63.18
1969,1,3,1,386343,425.99
1969,1,3,2,3701165,4874.65
1969,1,3,3,62208,99.57
1969,2,1,1,73991,186.4
1969,2,1,2,417855,1049.33
1969,2,1,3,304220,612.23
1969,2,2,1,2696172,7500.11
1969,2,2,2,3717586,4356.67
1969,2,2,3,154515,269.87
1969,2,3,1,2423672,2633
1969,2,3,2,1741665,2087.12
1969,2,3,3,293145,233.3
1969,3,1,1,1700181,4518.38
1969,3,1,2,1521700,4384.08
1969,3,1,3,735685,2941.02
1969,3,2,1,5373681,9411.6
1969,3,2,2,2977796,6084.55
1969,3,2,3,257438,967.44
1969,3,3,1,13290938,17197.92
1969,3,3,2,2828400,3308.26
1969,3,3,3,167400,215.62
1969,4,1,1,772386,3486.15
1969,4,1,2,1739832,8650.23
1969,4,1,3,182718,798.28
1969,4,2,1,2363760,5479.29
1969,4,2,2,10706889,24596.91
1969,4,2,3,82105,485.35
1969,4,3,1,4159040,7389.82
1969,4,3,2,9563211,17225.02
1969,4,3,3,499119,844.96
1970,1,1,1,409784,529.7
1970,1,1,2,5230029,7380.87
1970,1,1,3,15024,29.8
1970,1,2,1,654621,820.04
1970,1,2,2,2816020,4574.27
1970,1,2,3,7387,11.69
1970,1,3,1,465157,485.42
1970,1,3,2,3401168,5131.49
1970,1,3,3,4026,5.48
1970,2,1,1,306691,470.02
1970,2,1,2,619635,1397.06
1970,2,1,3,204549,332.86
1970,2,2,1,2902769,2794.95
1970,2,2,2,3548255,4087.2
1970,2,2,3,70500,87.78
1970,2,3,1,1636593,2324.28
1970,2,3,2,1251891,1823.42
1970,2,3,3,314889,483.33
1970,3,1,1,1868454,3648.1
1970,3,1,2,3272731,6950.18
1970,3,1,3,1097727,2028.33
1970,3,2,1,7502292,15329.08
1970,3,2,2,6062604,7666
1970,3,2,3,257330,454.13
1970,3,3,1,11382843,19928.6
1970,3,3,2,3290210,3843.92
1970,3,3,3,634486,670.46
1970,4,1,1,558748,1668.48
1970,4,1,2,2245925,7575.99
1970,4,1,3,51342,117.42
1970,4,2,1,3515751,6319.94
1970,4,2,2,13180005,16443.54
1970,4,2,3,72275,108.57
1970,4,3,1,3583831,5049.6
1970,4,3,2,13760908,20566.67
1970,4,3,3,826002,1055.19
1971,1,1,1,213489,414.84
1971,1,1,2,4290458,7501.58
1971,1,1,3,29522,44.68
1971,1,2,1,559416,916.91
1971,1,2,2,1756005,3508.21
1971,1,2,3,24380,61.45
1971,1,3,1,910378,989.11
1971,1,3,2,2766132,3260.03
1971,1,3,3,3085,5
1971,2,1,1,167603,409.33
1971,2,1,2,305146,743.21
1971,2,1,3,169130,389.71
1971,2,2,1,4139193,3468.5
1971,2,2,2,3675799,3090.34
1971,2,2,3,9704,21.58
1971,2,3,1,1484608,2024.03
1971,2,3,2,1818898,2505.76
1971,2,3,3,323102,413.41
1971,3,1,1,3037907,5297.11
1971,3,1,2,2017147,4748.86
1971,3,1,3,1356569,2620.21
1971,3,2,1,9177059,14205.79
1971,3,2,2,5524093,6666.76
1971,3,2,3,119627,322.16
1971,3,3,1,10251375,16941.45
1971,3,3,2,2964969,4022.36
1971,3,3,3,330664,430.49
1971,4,1,1,741843,2143.82
1971,4,1,2,2047490,6517.3
1971,4,1,3,265576,787.67
1971,4,2,1,2174307,4097.33
1971,4,2,2,15188134,19784.16
1971,4,2,3,97899,329.52
1971,4,3,1,3396563,6182.58
1971,4,3,2,13116688,21287.07
1971,4,3,3,451676,766.44
1972,1,1,1,1088576,1655.76
1972,1,1,2,4232812,8149.51
1972,1,1,3,24983,49.06
1972,1,2,1,916912,1465.72
1972,1,2,2,1843165,3081
1972,1,2,3,10063,14.57
1972,1,3,1,639838,777.42
1972,1,3,2,2213811,3289.74
1972,1,3,3,4736,5.5
1972,2,1,1,362526,925.61
1972,2,1,2,248737,752.12
1972,2,1,3,177983,478.05
1972,2,2,1,2013204,2688.63
1972,2,2,2,3682771,4538.4
1972,2,2,3,26729,27.87
1972,2,3,1,584099,2358.92
1972,2,3,2,1389483,2885.22
1972,2,3,3,75333,125.43
1972,3,1,1,4539631,8754.96
1972,3,1,2,1416419,3968.12
1972,3,1,3,951348,2163.93
1972,3,2,1,7134989,13857.62
1972,3,2,2,6401492,6838.33
1972,3,2,3,490178,517.11
1972,3,3,1,9333784,20522.06
1972,3,3,2,3703240,5429.36
1972,3,3,3,1822281,2574.58
1972,4,1,1,1566908,6334.3
1972,4,1,2,1927808,6307.67
1972,4,1,3,232838,706.7
1972,4,2,1,2393587,5968.1
1972,4,2,2,20635052,23053.13
1972,4,2,3,195633,545.44
1972,4,3,1,2188802,5408.97
1972,4,3,2,12470356,21627.22
1972,4,3,3,567141,888.97
1973,1,1,1,845985,1321.24
1973,1,1,2,4818104,8312.16
1973,1,1,3,19949,41.61
1973,1,2,1,1326410,2082.09
1973,1,2,2,2561254,5237.7
1973,1,2,3,42852,116.45
1973,1,3,1,1273546,1455.32
1973,1,3,2,3156140,4517.27
1973,1,3,3,15490,29.71
1973,2,1,1,164327,352.4
1973,2,1,2,378805,1143.04
1973,2,1,3,134341,313.38
1973,2,2,1,601934,1241.24
1973,2,2,2,1570916,3546.77
1973,2,2,3,47933,137.3
1973,2,3,1,532653,1545.23
1973,2,3,2,602161,1787.7
1973,2,3,3,69821,136.27
1973,3,1,1,1708755,3508.54
1973,3,1,2,1005042,2486.99
1973,3,1,3,2601079,6031.89
1973,3,2,1,5384304,11543.89
1973,3,2,2,1484067,3236.65
1973,3,2,3,575653,1615.87
1973,3,3,1,12281399,22060.66
1973,3,3,2,984819,1953.02
1973,3,3,3,921670,1816.01
1973,4,1,1,676071,2567.81
1973,4,1,2,954282,3308.04
1973,4,1,3,471916,1510.98
1973,4,2,1,2378345,6020.64
1973,4,2,2,12981641,19325.72
1973,4,2,3,442631,1590.02
1973,4,3,1,5103004,7908.53
1973,4,3,2,6617062,14267.79
1973,4,3,3,793658,1906.12
1974,1,1,1,1337212,2188.99
1974,1,1,2,4767780,10586.09
1974,1,1,3,55052,108.9
1974,1,2,1,1144364,1670.93
1974,1,2,2,2612338,4485.82
1974,1,2,3,21044,61.15
1974,1,3,1,1207228,1357.43
1974,1,3,2,3697685,5312.79
1974,1,3,3,975,1.98
1974,2,1,1,126446,408.75
1974,2,1,2,210071,717.93
1974,2,1,3,128673,377.9
1974,2,2,1,1064239,1574.52
1974,2,2,2,2069158,3364.87
1974,2,2,3,48782,144.12
1974,2,3,1,713663,1507.83
1974,2,3,2,687577,1579.11
1974,2,3,3,10330,19.62
1974,3,1,1,4511353,7143.15
1974,3,1,2,398774,1117.21
1974,3,1,3,1139126,2947.64
1974,3,2,1,4068339,10725.02
1974,3,2,2,3322794,4539
1974,3,2,3,653268,1359.19
1974,3,3,1,8546360,15912.69
1974,3,3,2,2399113,3858.36
1974,3,3,3,1225384,1912.35
1974,4,1,1,1839767,7650.21
1974,4,1,2,2007232,7115.92
1974,4,1,3,637891,2097.94
1974,4,2,1,3315832,7518.53
1974,4,2,2,13478888,18509.1
1974,4,2,3,341460,903.73
1974,4,3,1,3232353,5772.23
1974,4,3,2,6931768,11943.94
1974,4,3,3,995899,1835.24
1975,1,1,1,1698222,2335.09
1975,1,1,2,4319452,8810.08
1975,1,1,3,14852,22.69
1975,1,2,1,1902134,2416.79
1975,1,2,2,2852161,5085.01
1975,1,2,3,61400,79.9
1975,1,3,1,1118843,1438.68
1975,1,3,2,3254493,4978.52
1975,1,3,3,20399,42
1975,2,1,1,172137,477.01
1975,2,1,2,315156,959.52
1975,2,1,3,33894,83.34
1975,2,2,1,791280,1043.14
1975,2,2,2,1971048,2951.78
1975,2,2,3,5495,26.04
1975,2,3,1,396091,758.9
1975,2,3,2,1271949,2268.1
1975,2,3,3,15255,26.25
1975,3,1,1,2601596,4262.23
1975,3,1,2,770604,1805.42
1975,3,1,3,850280,2110.09
1975,3,2,1,3957881,7679.16
1975,3,2,2,2797736,3687.56
1975,3,2,3,431069,775.89
1975,3,3,1,10569834,21205.12
1975,3,3,2,2430462,3492.72
1975,3,3,3,834346,1235.74
1975,4,1,1,840385,2725.65
1975,4,1,2,1108401,3743.33
1975,4,1,3,672095,2041.35
1975,4,2,1,2075450,3919.04
1975,4,2,2,13188019,13428.04
1975,4,2,3,414127,872.74
1975,4,3,1,2179700,2946.03
1975,4,3,2,7675291,10779.99
1975,4,3,3,668881,1090.22
1976,1,1,1,1158643,2542.06
1976,1,1,2,4313409,8750.4
1976,1,1,3,130569,232.31
1976,1,2,1,1316068,3005.33
1976,1,2,2,2664501,4398.47
1976,1,2,3,43146,167.2
1976,1,3,1,693507,951.76
1976,1,3,2,3471751,4971.3
1976,1,3,3,1621,2.72
1976,2,1,1,116447,451.41
1976,2,1,2,352071,1076.18
1976,2,1,3,175367,528.13
1976,2,2,1,645360,625.37
1976,2,2,2,2521162,4016.83
1976,2,2,3,4930,10.68
1976,2,3,1,422140,921.02
1976,2,3,2,1554054,2815.71
1976,2,3,3,23595,46.26
1976,3,1,1,2434447,4473.49
1976,3,1,2,935520,2446.27
1976,3,1,3,1872401,4133.4
1976,3,2,1,9028749,16378.43
1976,3,2,2,8012664,8587.25
1976,3,2,3,437895,731.71
1976,3,3,1,11812361,17749.88
1976,3,3,2,4149098,5392.13
1976,3,3,3,2146852,3225.68
1976,4,1,1,861519,2182.05
1976,4,1,2,1355542,4818.26
1976,4,1,3,682585,2350.09
1976,4,2,1,2006883,4606.67
1976,4,2,2,12494435,18844.61
1976,4,2,3,321353,862.18
1976,4,3,1,3159487,5057.57
1976,4,3,2,8799262,15245.42
1976,4,3,3,915376,2056.04
1977,1,1,1,1656537,2179.07
1977,1,1,2,4610047,7045.61
1977,1,1,3,81468,125.97
1977,1,2,1,1726619,2172.55
1977,1,2,2,3508103,5527.42
1977,1,2,3,38128,51.39
1977,1,3,1,794625,953.5
1977,1,3,2,4784704,6691.42
1977,1,3,3,24499,37.35
1977,2,1,1,156639,569.64
1977,2,1,2,315200,1429.21
1977,2,1,3,30624,106.43
1977,2,2,1,3196836,2609.85
1977,2,2,2,3269306,4321.07
1977,2,2,3,0,0
1977,2,3,1,934649,1713.39
1977,2,3,2,1179273,2222.74
1977,2,3,3,0,0
1977,3,1,1,1018506,2831.67
1977,3,1,2,1023046,3575.16
1977,3,1,3,885206,3797.2
1977,3,2,1,15898207,21904.99
1977,3,2,2,8759759,9726.17
1977,3,2,3,473872,1160.09
1977,3,3,1,20167703,29001.92
1977,3,3,2,4292621,5821.58
1977,3,3,3,1462096,2326.76
1977,4,1,1,322610,1285.06
1977,4,1,2,457381,2632.56
1977,4,1,3,295347,1569.6
1977,4,2,1,3722037,4626.39
1977,4,2,2,15309101,17697.47
1977,4,2,3,757838,830.84
1977,4,3,1,4094047,6420.74
1977,4,3,2,11797866,19656.59
1977,4,3,3,1121081,1518.14
1978,1,1,1,2565809,3265.21
1978,1,1,2,5787410,9791.41
1978,1,1,3,61279,102.26
1978,1,2,1,2809537,2788.15
1978,1,2,2,3180736,5280.73
1978,1,2,3,13919,10.32
1978,1,3,1,789082,1102.48
1978,1,3,2,2617687,4628.05
1978,1,3,3,33506,76.15
1978,2,1,1,181297,413.94
1978,2,1,2,523121,1444.55
1978,2,1,3,57287,214.61
1978,2,2,1,2541216,7972.92
1978,2,2,2,1597891,2158.81
1978,2,2,3,55332,78.64
1978,2,3,1,837280,1961.72
1978,2,3,2,277254,722.09
1978,2,3,3,8959,39.64
1978,3,1,1,3133623,4920.27
1978,3,1,2,2802658,6113.63
1978,3,1,3,1644484,3056.79
1978,3,2,1,19608232,23265.32
1978,3,2,2,8271010,10945.57
1978,3,2,3,439796,1166.47
1978,3,3,1,18650038,35761.44
1978,3,3,2,6026413,11267.86
1978,3,3,3,437696,864.52
1978,4,1,1,860607,1966.01
1978,4,1,2,1090381,3320.36
1978,4,1,3,719760,1896.65
1978,4,2,1,3160300,6341.2
1978,4,2,2,12614403,17076.02
1978,4,2,3,19252,31.13
1978,4,3,1,6705465,13480.84
1978,4,3,2,10275158,21795.25
1978,4,3,3,245191,526.53
1979,1,1,1,1594895,2552.07
1979,1,1,2,5372376,8806.6
1979,1,1,3,58736,134.57
1979,1,2,1,1126866,2172.97
1979,1,2,2,2442640,4832.81
1979,1,2,3,93742,282.45
1979,1,3,1,1576324,2072.91
1979,1,3,2,3222512,7326.57
1979,1,3,3,22461,48.9
1979,2,1,1,297937,1244.88
1979,2,1,2,209348,658.36
1979,2,1,3,36621,129.85
1979,2,2,1,919030,1437.02
1979,2,2,2,1322632,2265.54
1979,2,2,3,215155,363.89
1979,2,3,1,750719,2274.22
1979,2,3,2,438428,1351.33
1979,2,3,3,66814,163.45
1979,3,1,1,2126421,5090.31
1979,3,1,2,2398547,6779.18
1979,3,1,3,1211803,4333.71
1979,3,2,1,14704626,36320.21
1979,3,2,2,6919870,13264.02
1979,3,2,3,742275,1745.16
1979,3,3,1,15494939,44541.52
1979,3,3,2,2976203,7411.39
1979,3,3,3,1606903,3799.87
1979,4,1,1,426355,1693.57
1979,4,1,2,1888925,7731.45
1979,4,1,3,597570,1996.52
1979,4,2,1,2294555,5335.78
1979,4,2,2,8216488,16656.64
1979,4,2,3,216262,559.57
1979,4,3,1,3216210,8953.11
1979,4,3,2,5560893,15849.9
1979,4,3,3,659158,1781.09
1980,1,1,1,1230500,2176.4
1980,1,1,2,3612183,8115.28
1980,1,1,3,74942,170.38
1980,1,2,1,1414913,2207.99
1980,1,2,2,3488173,6193.88
1980,1,2,3,76717,153.18
1980,1,3,1,1387064,1990.58
1980,1,3,2,3466104,5835.43
1980,1,3,3,45113,123.36
1980,2,1,1,374849,1418.82
1980,2,1,2,210178,877.82
1980,2,1,3,17820,88.22
1980,2,2,1,1664709,2416.69
1980,2,2,2,1124236,2306.17
1980,2,2,3,19115,53.35
1980,2,3,1,815570,1848.29
1980,2,3,2,621844,1315.14
1980,2,3,3,73401,210.19
1980,3,1,1,1584745,4211.97
1980,3,1,2,1858053,6757.61
1980,3,1,3,555228,2083.15
1980,3,2,1,14546326,26919.28
1980,3,2,2,2345069,3957.35
1980,3,2,3,106092,322.68
1980,3,3,1,24412079,38104.68
1980,3,3,2,2939873,5296.8
1980,3,3,3,709438,1335.58
1980,4,1,1,607514,2102.18
1980,4,1,2,597482,2920.86
1980,4,1,3,366801,1805.16
1980,4,2,1,2681675,4496.76
1980,4,2,2,10864078,14602.46
1980,4,2,3,358854,644.17
1980,4,3,1,3493046,7215.42
1980,4,3,2,11654358,20951.91
1980,4,3,3,2207216,4477.58
1981,1,1,1,4362866,5024.62
1981,1,1,2,4767579,7718.3
1981,1,1,3,61325,99.28
1981,1,2,1,2433005,2847.64
1981,1,2,2,3952083,5176.93
1981,1,2,3,49294,64.57
1981,1,3,1,344999,589.53
1981,1,3,2,4261212,5516.71
1981,1,3,3,19247,24.92
1981,2,1,1,118656,468.06
1981,2,1,2,122629,314.92
1981,2,1,3,287,0.74
1981,2,2,1,3624872,4095.38
1981,2,2,2,1000964,1315.01
1981,2,2,3,44940,59.04
1981,2,3,1,712715,1296.2
1981,2,3,2,923135,1411.04
1981,2,3,3,29104,44.49
1981,3,1,1,1984861,4647.21
1981,3,1,2,367568,1249.99
1981,3,1,3,359924,1224
1981,3,2,1,22147732,31563.97
1981,3,2,2,6449974,7702.87
1981,3,2,3,399215,476.76
1981,3,3,1,19442571,30033.94
1981,3,3,2,3772681,5359.54
1981,3,3,3,1104066,1568.45
1981,4,1,1,493570,1590.48
1981,4,1,2,255928,988.46
1981,4,1,3,288204,1113.12
1981,4,2,1,2881426,4079.17
1981,4,2,2,21351469,18190.71
1981,4,2,3,1831867,1560.69
1981,4,3,1,4551126,7432.45
1981,4,3,2,12184291,19465
1981,4,3,3,1510201,2412.62
1982,1,1,1,1118737,2228.95
1982,1,1,2,3990827,7724.28
1982,1,1,3,14471,28.01
1982,1,2,1,682914,1282.04
1982,1,2,2,2672825,4149.94
1982,1,2,3,25035,38.87
1982,1,3,1,1142129,1958.18
1982,1,3,2,2095831,4672.21
1982,1,3,3,29928,66.72
1982,2,1,1,196250,464.54
1982,2,1,2,182746,496.44
1982,2,1,3,200641,545.05
1982,2,2,1,2528736,3975.69
1982,2,2,2,1138346,2049.75
1982,2,2,3,134319,241.86
1982,2,3,1,958895,2633.85
1982,2,3,2,645978,1412.53
1982,2,3,3,111385,243.56
1982,3,1,1,2396488,4952.08
1982,3,1,2,1071602,2806.61
1982,3,1,3,917029,2401.77
1982,3,2,1,12557268,23237.29
1982,3,2,2,3334336,7688.07
1982,3,2,3,530815,1223.92
1982,3,3,1,15343958,30571.42
1982,3,3,2,2155119,4453.64
1982,3,3,3,1104288,2282.06
1982,4,1,1,777774,2519.82
1982,4,1,2,898654,2462.43
1982,4,1,3,741519,2031.86
1982,4,2,1,3192513,6729.88
1982,4,2,2,11230147,17918.28
1982,4,2,3,393004,627.06
1982,4,3,1,4073176,9049.86
1982,4,3,2,6351065,16965.37
1982,4,3,3,658837,1759.93
1983,1,1,1,1200844,1957.68
1983,1,1,2,4232797,8869.21
1983,1,1,3,25077,52.55
1983,1,2,1,1686418,2823.9
1983,1,2,2,3022180,5603.31
1983,1,2,3,40818,75.68
1983,1,3,1,1081256,1670.75
1983,1,3,2,1624933,3722.62
1983,1,3,3,5508,12.62
1983,2,1,1,195627,568.24
1983,2,1,2,155328,532.56
1983,2,1,3,56794,194.72
1983,2,2,1,2550809,4627.05
1983,2,2,2,1029922,1705.36
1983,2,2,3,11344,18.78
1983,2,3,1,2330044,4915.17
1983,2,3,2,1420462,2575.16
1983,2,3,3,205789,373.07
1983,3,1,1,2606329,6816.72
1983,3,1,2,768404,2448.63
1983,3,1,3,837023,2667.3
1983,3,2,1,9584582,24440.13
1983,3,2,2,2362302,6404.95
1983,3,2,3,256964,696.71
1983,3,3,1,14608054,32322.21
1983,3,3,2,1661998,3411.05
1983,3,3,3,808126,1658.58
1983,4,1,1,1160186,3685.88
1983,4,1,2,598568,2562.8
1983,4,1,3,184575,790.27
1983,4,2,1,2454913,5878.37
1983,4,2,2,8873403,12683.11
1983,4,2,3,484134,691.99
1983,4,3,1,3462155,7301.27
1983,4,3,2,5939403,14850.62
1983,4,3,3,680576,1701.68
1984,1,1,1,1442417,2229.9
1984,1,1,2,4209715,9732.64
1984,1,1,3,4441,10.27
1984,1,2,1,1812063,3043.87
1984,1,2,2,3656656,6099.34
1984,1,2,3,9358,15.61
1984,1,3,1,1253078,2631.61
1984,1,3,2,3162815,4397.94
1984,2,1,1,331471,1454.58
1984,2,1,2,103879,368.4
1984,2,1,3,242187,858.89
1984,2,2,1,3123259,8011.09
1984,2,2,2,884522,1456.93
1984,2,2,3,115391,190.07
1984,2,3,1,1846611,5301.55
1984,2,3,2,2164412,3538.06
1984,2,3,3,722192,1180.53
1984,3,1,1,1566122,3424.4
1984,3,1,2,1063928,3225.02
1984,3,1,3,925392,2805.08
1984,3,2,1,13888078,25369.62
1984,3,2,2,3121276,6324.53
1984,3,2,3,343687,696.4
1984,3,3,1,20609433,33309.09
1984,3,3,2,2913421,4920.79
1984,3,3,3,922801,1558.62
1984,4,1,1,932443,2667.42
1984,4,1,2,675270,2746.98
1984,4,1,3,231940,943.52
1984,4,2,1,2412474,3597.61
1984,4,2,2,14171702,19775.53
1984,4,2,3,784780,1095.1
1984,4,3,1,4610921,8445.5
1984,4,3,2,7496460,18518.93
1984,4,3,3,726032,1793.56
1985,1,1,1,1906207,3266.66
1985,1,1,2,5277604,9424.83
1985,1,1,3,6269,11.2
1985,1,2,1,1090650,1857.89
1985,1,2,2,2093525,4225.69
1985,1,2,3,785,1.58
1985,1,3,1,1321741,1936.26
1985,1,3,2,4158875,5457.94
1985,1,3,3,13520,17.74
1985,2,1,1,478252,1328.23
1985,2,1,2,321328,941.44
1985,2,1,3,172837,506.38
1985,2,2,1,3832833,5433.21
1985,2,2,2,1852477,2917.6
1985,2,2,3,71361,112.39
1985,2,3,1,1857020,3318.41
1985,2,3,2,1425799,3005.8
1985,2,3,3,120161,253.32
1985,3,1,1,6725363,13502.69
1985,3,1,2,1256954,3658.91
1985,3,1,3,1141519,3322.89
1985,3,2,1,19105536,27200.26
1985,3,2,2,3310851,6809.47
1985,3,2,3,423811,871.66
1985,3,3,1,20387308,32534.32
1985,3,3,2,2384992,4042.55
1985,3,3,3,1226336,2078.64
1985,4,1,1,978712,2637.61
1985,4,1,2,1186507,3988.15
1985,4,1,3,402168,1351.79
1985,4,2,1,4407560,7513.12
1985,4,2,2,11017765,15412.57
1985,4,2,3,754062,1054.84
1985,4,3,1,3902111,6631.5
1985,4,3,2,7813455,16478.66
1985,4,3,3,1669984,3522.02
1986,1,1,1,1377290,2489.5
1986,1,1,2,5759693,9659.47
1986,1,1,3,108222,181.5
1986,1,2,1,745908,1661.92
1986,1,2,2,3832063,6985.21
1986,1,2,3,22374,40.78
1986,1,3,1,441812,1157.29
1986,1,3,2,2431049,5202.47
1986,1,3,3,2374,5.08
1986,2,1,1,300344,798.14
1986,2,1,2,576972,1408.9
1986,2,1,3,162978,397.98
1986,2,2,1,2487242,4019.3
1986,2,2,2,1407716,2459.83
1986,2,2,3,6700,11.71
1986,2,3,1,1533529,2910.72
1986,2,3,2,764182,1505.68
1986,2,3,3,111,0.22
1986,3,1,1,5488514,11371.32
1986,3,1,2,2495293,6311.6
1986,3,1,3,1617966,4092.49
1986,3,2,1,25670367,37804.72
1986,3,2,2,7587840,10793.46
1986,3,2,3,552755,786.28
1986,3,3,1,25463558,36775.66
1986,3,3,2,4168430,7989.98
1986,3,3,3,1327273,2544.1
1986,4,1,1,1034790,2736.21
1986,4,1,2,2810952,8774.97
1986,4,1,3,691519,2158.72
1986,4,2,1,2729808,4664.71
1986,4,2,2,12072213,18784.43
1986,4,2,3,647951,1008.22
1986,4,3,1,3564477,6439.98
1986,4,3,2,9872467,20787.07
1986,4,3,3,986959,2078.1
1987,1,1,1,803564,2210.76
1987,1,1,2,3772596,8542.66
1987,1,1,3,22755,51.53
1987,1,2,1,362699,1151.6
1987,1,2,2,2540465,5471.7
1987,1,2,3,25855,55.69
1987,1,3,1,472589,1584.43
1987,1,3,2,2808593,5222.49
1987,1,3,3,31942,59.4
1987,2,1,1,230182,787.69
1987,2,1,2,149710,519.08
1987,2,1,3,73342,254.3
1987,2,2,1,2264301,4883.91
1987,2,2,2,328089,640.15
1987,2,2,3,34543,67.4
1987,2,3,1,1110215,2529
1987,2,3,2,686140,1679.06
1987,2,3,3,4373,10.7
1987,3,1,1,4108368,9188.36
1987,3,1,2,1576232,6156.31
1987,3,1,3,750103,2929.69
1987,3,2,1,26889898,48171.54
1987,3,2,2,3312028,6882.19
1987,3,2,3,306255,636.38
1987,3,3,1,16262304,39890.51
1987,3,3,2,4118322,11204.08
1987,3,3,3,760719,2069.57
1987,4,1,1,931513,3809.18
1987,4,1,2,2715757,10252.74
1987,4,1,3,709967,2680.32
1987,4,2,1,6085448,12316.87
1987,4,2,2,14000530,22228.3
1987,4,2,3,229164,363.84
1987,4,3,1,2043369,4598.32
1987,4,3,2,8083376,21686.08
1987,4,3,3,416178,1116.52
1988,1,1,1,633554,2378.86
1988,1,1,2,2909389,6826.17
1988,1,1,3,34632,81.26
1988,1,2,1,553673,2050.42
1988,1,2,2,2454816,4674.41
1988,1,2,3,24988,47.58
1988,1,3,1,962988,1554.31
1988,1,3,2,2474548,4148.34
1988,1,3,3,23361,39.16
1988,2,1,1,236628,870.82
1988,2,1,2,197025,933.04
1988,2,1,3,95929,454.29
1988,2,2,1,1852683,4792.81
1988,2,2,2,849543,2149.75
1988,2,2,3,36734,92.95
1988,2,3,1,1487434,4435.73
1988,2,3,2,737416,1771.75
1988,2,3,3,26578,63.86
1988,3,1,1,1435268,4225.53
1988,3,1,2,1058652,4793.07
1988,3,1,3,436411,1975.86
1988,3,2,1,15774511,31236.77
1988,3,2,2,3827993,10697.79
1988,3,2,3,203133,567.68
1988,3,3,1,16355291,34517.25
1988,3,3,2,2574465,6867.33
1988,3,3,3,1487440,3967.72
1988,4,1,1,327375,1111.87
1988,4,1,2,1845280,7346.46
1988,4,1,3,580969,2312.97
1988,4,2,1,3045134,6534.56
1988,4,2,2,13971174,26056.5
1988,4,2,3,162929,303.87
1988,4,3,1,2456398,5368.32
1988,4,3,2,7533342,19372.91
1988,4,3,3,462607,1189.65
1989,1,1,1,1214408,2550.91
1989,1,1,2,3678023,8627.19
1989,1,1,3,22157,51.97
1989,1,2,1,473138,1182.9
1989,1,2,2,1806207,4198.56
1989,1,3,1,520674,927.17
1989,1,3,2,1386253,3120.94
1989,1,3,3,4101,9.23
1989,2,1,1,313300,1248.45
1989,2,1,2,219955,590.03
1989,2,1,3,47116,126.39
1989,2,2,1,4884038,7900.53
1989,2,2,2,2642359,4897.53
1989,2,2,3,22964,42.56
1989,2,3,1,1413763,3546.95
1989,2,3,2,1714355,4103.68
1989,2,3,3,12400,29.68
1989,3,1,1,2326533,6491.97
1989,3,1,2,917557,4032.06
1989,3,1,3,873018,3836.34
1989,3,2,1,21759980,41224.61
1989,3,2,2,4245482,8125.59
1989,3,2,3,248893,476.37
1989,3,3,1,15729719,37345.97
1989,3,3,2,2742669,5496.41
1989,3,3,3,323155,647.61
1989,4,1,1,668028,2880.3
1989,4,1,2,2494961,11353.05
1989,4,1,3,359400,1635.41
1989,4,2,1,3269034,9091.13
1989,4,2,2,14753725,18200.37
1989,4,2,3,311141,383.83
1989,4,3,1,1858205,3999.46
1989,4,3,2,9637930,20354.16
1989,4,3,3,1153249,2435.52
1990,1,1,1,865251,1990
1990,1,1,2,3007368,7968.72
1990,1,1,3,19267,51.05
1990,1,2,1,378485,966.7
1990,1,2,2,1333992,2856.72
1990,1,2,3,29598,63.38
1990,1,3,1,408479,1125.35
1990,1,3,2,1665616,3453.98
1990,2,1,1,183227,659.8
1990,2,1,2,297977,1083.64
1990,2,1,3,10494,38.16
1990,2,2,1,4611414,7783.4
1990,2,2,2,1216112,3532.37
1990,2,2,3,64294,186.75
1990,2,3,1,1294843,3541.33
1990,2,3,2,1367676,3343.15
1990,2,3,3,8494,20.76
1990,3,1,1,1645645,5102.82
1990,3,1,2,933325,3262.13
1990,3,1,3,49221,172.04
1990,3,2,1,25693871,38725
1990,3,2,2,3076376,8240.35
1990,3,2,3,126909,339.94
1990,3,3,1,19015028,37432.14
1990,3,3,2,2638576,5273.95
1990,3,3,3,81234,162.37
1990,4,1,1,357800,1315.71
1990,4,1,2,1952000,8159.59
1990,4,1,3,971519,4061.07
1990,4,2,1,4406137,8663.78
1990,4,2,2,16984968,19782.24
1990,4,2,3,395234,460.33
1990,4,3,1,3270731,7954.65
1990,4,3,2,8874039,23223.66
1990,4,3,3,329684,862.79
1991,1,1,1,350336,987.54
1991,1,1,2,2716538,6732.99
1991,1,1,3,4504,11.16
1991,1,2,1,299348,784.65
1991,1,2,2,1465939,3854.78
1991,1,2,3,54519,143.36
1991,1,3,1,181990,539.41
1991,1,3,2,1786669,3885.77
1991,1,3,3,24887,54.13
1991,2,1,1,203882,501.12
1991,2,1,2,608101,2499.88
1991,2,1,3,16551,68.04
1991,2,2,1,2270515,5269.65
1991,2,2,2,1486337,3210.54
1991,2,2,3,45279,97.8
1991,2,3,1,907529,2468.44
1991,2,3,2,1266643,2602.17
1991,2,3,3,48332,99.29
1991,3,1,1,4416341,8887.32
1991,3,1,2,1597675,4879.51
1991,3,1,3,227882,695.98
1991,3,2,1,22663447,43433.73
1991,3,2,2,4738137,11398.21
1991,3,2,3,220974,531.58
1991,3,3,1,14737828,35159.45
1991,3,3,2,5094872,11963.38
1991,3,3,3,223838,525.6
1991,4,1,1,861819,2470.42
1991,4,1,2,3225047,10115.94
1991,4,1,3,526472,1651.37
1991,4,2,1,3748044,6130.94
1991,4,2,2,18466320,21711.37
1991,4,2,3,883973,1039.31
1991,4,3,1,1223594,3585.27
1991,4,3,2,10230194,24194.18
1991,4,3,3,509165,1204.16
1992,1,1,1,542838,1454.21
1992,1,1,2,2481950,6634.06
1992,1,1,3,47785,127.73
1992,1,2,1,472735,1223.06
1992,1,2,2,3869532,7857.84
1992,1,2,3,159799,324.5
1992,1,3,1,523329,1279.36
1992,1,3,2,2259973,4513.32
1992,1,3,3,19236,38.42
1992,2,1,1,73822,386.56
1992,2,1,2,322057,1296.37
1992,2,1,3,15402,62
1992,2,2,1,1412015,3032
1992,2,2,2,957490,2586
1992,2,2,3,14436,38.99
1992,2,3,1,577010,2097.48
1992,2,3,2,1661120,4621.6
1992,2,3,3,36289,100.96
1992,3,1,1,2531185,7569.12
1992,3,1,2,1531053,6040.35
1992,3,1,3,380428,1500.87
1992,3,2,1,14358448,28231.31
1992,3,2,2,3718980,13972.78
1992,3,2,3,108379,407.2
1992,3,3,1,18471239,37307.27
1992,3,3,2,4719209,10313.88
1992,3,3,3,175084,382.65
1992,4,1,1,929208,1978.62
1992,4,1,2,3418320,12910.95
1992,4,1,3,414855,1566.9
1992,4,2,1,3458203,5780.79
1992,4,2,2,10741168,20838.89
1992,4,2,3,100083,194.17
1992,4,3,1,2388646,5397.13
1992,4,3,2,10541408,24023.4
1992,4,3,3,253700,578.17
1993,1,1,1,764582,1911.09
1993,1,1,2,3043917,5969.2
1993,1,1,3,41637,81.65
1993,1,2,1,660462,1385.93
1993,1,2,2,3008468,4951
1993,1,2,3,100268,165.01
1993,1,3,1,476105,564.29
1993,1,3,2,2435527,3883.87
1993,1,3,3,67139,107.06
1993,2,1,1,66162,390.9
1993,2,1,2,253372,1370.93
1993,2,1,3,62922,340.45
1993,2,2,1,1154290,1922.08
1993,2,2,2,1300548,3034.85
1993,2,2,3,29862,69.68
1993,2,3,1,694325,1893.19
1993,2,3,2,939311,2960.66
1993,2,3,3,113874,358.93
1993,3,1,1,3347028,8857.35
1993,3,1,2,1693718,6241.28
1993,3,1,3,320630,1181.51
1993,3,2,1,13184331,25380.98
1993,3,2,2,4342702,16258.54
1993,3,2,3,179264,671.14
1993,3,3,1,13995685,32297.36
1993,3,3,2,3692891,10553.22
1993,3,3,3,118489,338.61
1993,4,1,1,833776,2482.07
1993,4,1,2,4385997,14880.65
1993,4,1,3,453106,1537.28
1993,4,2,1,2609740,5306.01
1993,4,2,2,9611685,16986.4
1993,4,2,3,147673,260.98
1993,4,3,1,3016256,7197.66
1993,4,3,2,9104288,22373.4
1993,4,3,3,128918,316.81
1994,1,1,1,1161534,2444.85
1994,1,1,2,4361397,9216.18
1994,1,1,3,42265,89.31
1994,1,2,1,748418,2130.6
1994,1,2,2,1671009,3762.75
1994,1,2,3,21662,48.78
1994,1,3,1,768312,1359.34
1994,1,3,2,2165831,4246.94
1994,1,3,3,12568,24.64
1994,2,1,1,96585,321.05
1994,2,1,2,199471,670.68
1994,2,1,3,105866,355.95
1994,2,2,1,1399017,3664.19
1994,2,2,2,692773,1786.66
1994,2,2,3,149214,384.82
1994,2,3,1,667637,2087.86
1994,2,3,2,1001100,3171.94
1994,2,3,3,105665,334.79
1994,3,1,1,3325837,8550.42
1994,3,1,2,1658556,6025.36
1994,3,1,3,338342,1229.16
1994,3,2,1,15952977,34040.67
1994,3,2,2,3588957,8597.39
1994,3,2,3,240634,576.44
1994,3,3,1,14867670,26688.29
1994,3,3,2,3853812,7714.78
1994,3,3,3,455229,911.3
1994,4,1,1,648213,2317.93
1994,4,1,2,1944439,7573.88
1994,4,1,3,242755,945.57
1994,4,2,1,3408251,7823.78
1994,4,2,2,11769119,17409.24
1994,4,2,3,198193,293.17
1994,4,3,1,2673887,6646.58
1994,4,3,2,9425374,21599.16
1994,4,3,3,304429,697.63
1995,1,1,1,1600785,3987.02
1995,1,1,2,3900787,8719.39
1995,1,1,3,11469,25.64
1995,1,2,1,1080796,1565.83
1995,1,2,2,4133822,5461.9
1995,1,2,3,12498,16.51
1995,1,3,1,1618065,2606.72
1995,1,3,2,3685802,6588.17
1995,1,3,3,50147,89.63
1995,2,1,1,129739,400.43
1995,2,1,2,174862,732.85
1995,2,1,3,118476,496.53
1995,2,2,1,1698530,3451.88
1995,2,2,2,1162180,2295.84
1995,2,2,3,148578,293.51
1995,2,3,1,747534,2289.67
1995,2,3,2,1407926,3525.76
1995,2,3,3,101529,254.25
1995,3,1,1,3574222,7696.09
1995,3,1,2,1054339,3605.34
1995,3,1,3,208306,712.31
1995,3,2,1,17495409,29334.03
1995,3,2,2,5144921,9504.64
1995,3,2,3,95513,176.45
1995,3,3,1,11294366,21844.17
1995,3,3,2,4170169,8026.32
1995,3,3,3,305823,588.62
1995,4,1,1,650062,2252.86
1995,4,1,2,2713475,9587.33
1995,4,1,3,342879,1211.47
1995,4,2,1,2637780,5413.28
1995,4,2,2,11927292,13825.73
1995,4,2,3,285412,330.84
1995,4,3,1,1719432,3390.09
1995,4,3,2,7858670,15061.9
1995,4,3,3,639434,1225.54
1996,1,1,1,1756298,4121.77
1996,1,1,2,5259622,11646
1996,1,1,3,7584,16.79
1996,1,2,1,2821030,4330.38
1996,1,2,2,4658759,7358.11
1996,1,2,3,11990,18.94
1996,1,3,1,2335092,3905.74
1996,1,3,2,4393649,6939.97
1996,2,1,1,78273,316.5
1996,2,1,2,318111,1140.65
1996,2,1,3,95320,341.79
1996,2,2,1,919679,1444
1996,2,2,2,572734,1311.2
1996,2,2,3,73057,167.26
1996,2,3,1,438516,1008.22
1996,2,3,2,1106580,3086.51
1996,2,3,3,61780,172.32
1996,3,1,1,2486642,4324.54
1996,3,1,2,968943,2953.54
1996,3,1,3,374686,1142.12
1996,3,2,1,18829116,28020.32
1996,3,2,2,4469282,9935.89
1996,3,2,3,47985,106.68
1996,3,3,1,16761987,27190.59
1996,3,3,2,2562705,6368.19
1996,3,3,3,380859,946.41
1996,4,1,1,765939,2982.19
1996,4,1,2,1831936,6942.13
1996,4,1,3,484330,1835.37
1996,4,2,1,2598500,5867.73
1996,4,2,2,11411647,16433.65
1996,4,2,3,89603,129.04
1996,4,3,1,2644021,6808.25
1996,4,3,2,8408309,18049.06
1996,4,3,3,1067358,2291.16
1997,1,1,1,1525116,2815.62
1997,1,1,2,4215489,11433.96
1997,1,1,3,14181,38.46
1997,1,2,1,1261853,2676.56
1997,1,2,2,2783311,7256.27
1997,1,2,3,32076,83.62
1997,1,3,1,1289586,4104.55
1997,1,3,2,2481236,6456.48
1997,1,3,3,8492,22.1
1997,2,1,1,88727,153.03
1997,2,1,2,324236,872.95
1997,2,1,3,101978,274.56
1997,2,2,1,1397372,2483.33
1997,2,2,2,1064921,3050.2
1997,2,2,3,51531,147.6
1997,2,3,1,518837,1355.05
1997,2,3,2,1622765,4133.32
1997,2,3,3,73962,188.39
1997,3,1,1,4850834,8014.43
1997,3,1,2,1616462,6255.27
1997,3,1,3,339256,1312.83
1997,3,2,1,13364686,24757.56
1997,3,2,2,4535122,18960.76
1997,3,2,3,155783,651.31
1997,3,3,1,15901085,26974.12
1997,3,3,2,3554647,8195.73
1997,3,3,3,500103,1153.06
1997,4,1,1,597201,2403.31
1997,4,1,2,1558957,6097.2
1997,4,1,3,618369,2418.49
1997,4,2,1,2155832,6006.99
1997,4,2,2,8189610,15629.2
1997,4,2,3,91745,175.09
1997,4,3,1,2738732,10543.81
1997,4,3,2,7046313,19951.52
1997,4,3,3,305608,865.32
1998,1,1,1,1956168,3652.86
1998,1,1,2,5347209,12516.17
1998,1,1,3,13745,32.17
1998,1,2,1,1547202,2897.54
1998,1,2,2,4668217,10876.34
1998,1,2,3,6724,15.67
1998,1,3,1,1362432,2851.84
1998,1,3,2,6779575,9135.79
1998,1,3,3,104378,140.65
1998,2,1,1,39864,67.73
1998,2,1,2,318867,991.47
1998,2,1,3,35235,109.56
1998,2,2,1,1443479,3094.95
1998,2,2,2,1740797,4025.76
1998,2,2,3,62064,143.53
1998,2,3,1,1006454,2514.87
1998,2,3,2,2561764,4462.22
1998,2,3,3,125183,218.05
1998,3,1,1,2211608,3154.15
1998,3,1,2,1539575,6771.07
1998,3,1,3,279783,1230.49
1998,3,2,1,21435576,39041.04
1998,3,2,2,4186913,13029.02
1998,3,2,3,81050,252.21
1998,3,3,1,17024256,28237.61
1998,3,3,2,2360007,4566.7
1998,3,3,3,365392,707.05
1998,4,1,1,768253,2483.76
1998,4,1,2,1909002,8859.3
1998,4,1,3,272993,1266.91
1998,4,2,1,2630908,4334.69
1998,4,2,2,12918084,15486.92
1998,4,2,3,60891,73
1998,4,3,1,3211337,7896.66
1998,4,3,2,10647752,20153.65
1998,4,3,3,901937,1707.15
1999,1,1,1,596678,1666.17
1999,1,1,2,3530126,9292.05
1999,1,1,3,33422,87.97
1999,1,2,1,475260,1156.37
1999,1,2,2,1760423,4387.46
1999,1,2,3,15194,37.87
1999,1,3,1,588748,1819.07
1999,1,3,2,1797390,4516.4
1999,1,3,3,4819,12.11
1999,2,1,1,217309,555.24
1999,2,1,2,601229,2212.8
1999,2,1,3,77147,283.94
1999,2,2,1,2516278,4243.51
1999,2,2,2,1411029,2866.15
1999,2,2,3,86640,175.99
1999,2,3,1,928580,2669.98
1999,2,3,2,985397,2184.33
1999,2,3,3,105511,233.89
1999,3,1,1,6667102,12684.34
1999,3,1,2,1441454,4534.53
1999,3,1,3,591719,1861.43
1999,3,2,1,21179005,37259
1999,3,2,2,6117491,11395.59
1999,3,2,3,92022,171.42
1999,3,3,1,16069639,27455.98
1999,3,3,2,3289282,6995.68
1999,3,3,3,686411,1459.87
1999,4,1,1,1617240,4335.89
1999,4,1,2,2025991,7121.55
1999,4,1,3,387487,1362.05
1999,4,2,1,2320334,6715
1999,4,2,2,10136825,12784.8
1999,4,2,3,1635106,2062.23
1999,4,3,1,1972687,3872.6
1999,4,3,2,7797558,18439.03
1999,4,3,3,660736,1562.45
2000,1,1,1,687146,2353.5
2000,1,1,2,2183361,7106.9
2000,1,1,3,26201,85.29
2000,1,2,1,610900,1129.27
2000,1,2,2,1584321,2713.62
2000,1,2,3,16156,27.67
2000,1,3,1,515937,921.46
2000,1,3,2,1691835,3377.59
2000,1,3,3,29434,58.76
2000,2,1,1,125133,267.93
2000,2,1,2,333019,1050.89
2000,2,1,3,91092,287.45
2000,2,2,1,2266607,3626.21
2000,2,2,2,2923704,4604.88
2000,2,2,3,138347,217.9
2000,2,3,1,699309,1382.66
2000,2,3,2,1498383,2913.54
2000,2,3,3,76150,148.07
2000,3,1,1,6031351,9670.39
2000,3,1,2,1083269,4003.77
2000,3,1,3,303112,1120.31
2000,3,2,1,20748239,33301.52
2000,3,2,2,7190618,13716.15
2000,3,2,3,88228,168.3
2000,3,3,1,19138459,26975.98
2000,3,3,2,4909320,8254.28
2000,3,3,3,567076,953.45
2000,4,1,1,761213,2574.43
2000,4,1,2,1514351,6222.51
2000,4,1,3,453519,1863.52
2000,4,2,1,3624162,5661.35
2000,4,2,2,15627847,16550.93
2000,4,2,3,1219512,1291.54
2000,4,3,1,2719995,5519.42
2000,4,3,2,11460110,20401.44
2000,4,3,3,870673,1549.98
2001,1,1,1,948763,1666.38
2001,1,1,2,3408317,7632.76
2001,1,1,3,16194,36.27
2001,1,2,1,662034,1162.37
2001,1,2,2,2103753,4051.26
2001,1,2,3,7942,15.29
2001,1,3,1,670406,1286.96
2001,1,3,2,2097729,4512.26
2001,1,3,3,1873,4.03
2001,2,1,1,84078,190.47
2001,2,1,2,262112,962.83
2001,2,1,3,90951,334.1
2001,2,2,1,1884457,2747.9
2001,2,2,2,2146802,3611.89
2001,2,2,3,135113,227.32
2001,2,3,1,642432,1553.75
2001,2,3,2,1536176,3771.91
2001,2,3,3,88698,217.79
2001,3,1,1,4221838,11209.27
2001,3,1,2,1532953,5145.87
2001,3,1,3,307994,1033.89
2001,3,2,1,15386625,28338.57
2001,3,2,2,5487423,13271.7
2001,3,2,3,79318,191.84
2001,3,3,1,17878147,34150.83
2001,3,3,2,3576210,9598.99
2001,3,3,3,535517,1437.39
2001,4,1,1,887474,2497.43
2001,4,1,2,2355546,8619.09
2001,4,1,3,275870,1009.42
2001,4,2,1,1431198,1945.81
2001,4,2,2,16188183,19130.78
2001,4,2,3,131268,155.13
2001,4,3,1,1796760,3925.64
2001,4,3,2,8011565,19921.15
2001,4,3,3,834928,2076.09
2002,1,1,1,1239897,1861.67
2002,1,1,2,3899958,10885.42
2002,1,1,3,39025,51.26
2002,1,2,1,835425,1862.39
2002,1,2,2,2145778,5147.27
2002,1,2,3,70418,62.98
2002,1,3,1,566405,908.75
2002,1,3,2,2506566,5049.33
2002,1,3,3,68920,113.71
2002,2,1,1,216244,278.57
2002,2,1,2,263741,741.25
2002,2,1,3,8021,67.42
2002,2,2,1,1352557,2665.68
2002,2,2,2,1456430,4572.87
2002,2,3,1,1862478,3149.54
2002,2,3,2,1326118,2879.37
2002,2,3,3,87771,619.77
2002,3,1,1,2306182,6477.7
2002,3,1,2,1396373,3062.73
2002,3,1,3,1219464,2691.03
2002,3,2,1,8535653,18270.79
2002,3,2,2,13899698,34512.62
2002,3,2,3,199679,494.89
2002,3,3,1,8190996,35342.18
2002,3,3,2,5000895,5343.15
2002,3,3,3,5107453,4915.44
2002,4,1,1,388341,1669.28
2002,4,1,2,1300546,6134.85
2002,4,1,3,391342,1801.38
2002,4,2,1,2090948,3752.55
2002,4,2,2,11850081,14891.9
2002,4,2,3,899481,1161.74
2002,4,3,1,2157347,4112.44
2002,4,3,2,8457474,17956.51
2002,4,3,3,1206797,3112.09
2003,1,1,1,550101,721.42
2003,1,1,2,3299751,7108.5
2003,1,1,3,75098,118.75
2003,1,2,1,895329,1238.38
2003,1,2,2,4634975,7967.15
2003,1,2,3,2245,4.17
2003,1,3,1,497698,1262.2
2003,1,3,2,1903639,3663.92
2003,1,3,3,23204,59.11
2003,2,1,1,150472,279.47
2003,2,1,2,253066,470.02
2003,2,1,3,17324,69.62
2003,2,2,1,1861302,3209.32
2003,2,2,2,1792396,3017.05
2003,2,2,3,7280,20.48
2003,2,3,1,1071316,1293.8
2003,2,3,2,1457555,2620.38
2003,2,3,3,38536,44.37
2003,3,1,1,1934503,3406.57
2003,3,1,2,372989,1143.27
2003,3,1,3,629010,2117.18
2003,3,2,1,13280393,23006.97
2003,3,2,2,16587963,28243.16
2003,3,2,3,359529,1554.85
2003,3,3,1,13540770,22937.65
2003,3,3,2,4062881,6005.29
2003,3,3,3,1600635,2554.66
2003,4,1,1,206437,953.81
2003,4,1,2,948786,3850.26
2003,4,1,3,228201,912.81
2003,4,2,1,2364619,2961.41
2003,4,2,2,12260191,13016.55
2003,4,2,3,581363,790.59
2003,4,3,1,1923212,4180.07
2003,4,3,2,9552642,15937.81
2003,4,3,3,749974,1394.45
2004,1,1,1,312459.81,730.58
2004,1,1,2,3720946.4,10439.68
2004,1,1,3,79625.88,126.19
2004,1,2,1,173270.34,285.59
2004,1,2,2,3417802.59,5116.36
2004,1,2,3,43123.14,68.34
2004,1,3,1,319840.47,459.12
2004,1,3,2,3612524.67,3801.84
2004,1,3,3,11859,9.97
2004,2,1,1,68041,100.32
2004,2,1,2,316020,721.72
2004,2,1,3,53776,209.47
2004,2,2,1,1813756.67,2279.07
2004,2,2,2,2004629.98,2660.03
2004,2,2,3,180948,270.59
2004,2,3,1,1086161,1661.53
2004,2,3,2,1263425,1318.26
2004,2,3,3,181654,214.67
2004,3,1,1,2226147.13,3177.29
2004,3,1,2,367478.86,1088.17
2004,3,1,3,1059042.46,3065.11
2004,3,2,1,11416504.47,16334.81
2004,3,2,2,10891550.04,15877.16
2004,3,2,3,1875913.45,2858.74
2004,3,3,1,12229719.7,17663.07
2004,3,3,2,2937881.69,4370.84
2004,3,3,3,3319886.24,4678.92
2004,4,1,1,529461.39,2098.2
2004,4,1,2,264421.15,976.07
2004,4,1,3,590249.92,2069.8
2004,4,2,1,2137884.69,3411.22
2004,4,2,2,10530514.67,12049.12
2004,4,2,3,4964794.96,5431.11
2004,4,3,1,1476638.11,2257.36
2004,4,3,2,6181593.15,10657.2
2004,4,3,3,4464919.98,8086.37
2005,1,1,1,149181.22,212.47
2005,1,1,2,3912614.8,7356.17
2005,1,1,3,50524.81,73.51
2005,1,2,1,101486.25,205.78
2005,1,2,2,2795054.6,4054.83
2005,1,2,3,49944.7,58.5
2005,1,3,1,351320.35,444.14
2005,1,3,2,3342989.44,3494.06
2005,1,3,3,40197.81,30.11
2005,2,1,1,217992,369.58
2005,2,1,2,479955,799.18
2005,2,1,3,52806,83.82
2005,2,2,1,1584526.42,1829.25
2005,2,2,2,1887851.77,2854.3
2005,2,2,3,373520,393.01
2005,2,3,1,506536,553.6
2005,2,3,2,1182637,917.31
2005,2,3,3,836433,902.76
2005,3,1,1,2767397.12,2483.23
2005,3,1,2,775471.98,1640.74
2005,3,1,3,713815.8,1809.72
2005,3,2,1,9597675.37,11733.8
2005,3,2,2,7390196.71,10489.02
2005,3,2,3,3047663.44,4940.19
2005,3,3,1,9080475.3,8032.04
2005,3,3,2,1220239.58,1281.97
2005,3,3,3,3700785.26,3671.48
2005,4,1,1,792589.07,1169.32
2005,4,1,2,405843.53,1028.28
2005,4,1,3,820222.68,2069.36
2005,4,2,1,1205242.87,1569.18
2005,4,2,2,9109342.78,7888.51
2005,4,2,3,4364869.09,4023.74
2005,4,3,1,1811092.99,1742.64
2005,4,3,2,6569651.05,6900.07
2005,4,3,3,5255897.23,5734.14
2006,1,1,1,762263,865.13
2006,1,1,2,2724932,3142.52
2006,1,1,3,341019,354.38
2006,1,2,1,445432,485.31
2006,1,2,2,2676313,3094.25
2006,1,2,3,154815,128.44
2006,1,3,1,31777,34.94
2006,1,3,2,1390957,1840.21
2006,1,3,3,132169,103.94
2006,2,1,1,472931,616.71
2006,2,1,2,578622,908.4
2006,2,1,3,69558,112.35
2006,2,2,1,3631273,1749.32
2006,2,2,2,2833926,1424.96
2006,2,2,3,882788,638.58
2006,2,3,1,434163,196.89
2006,2,3,2,914065,637.99
2006,2,3,3,270680,261.95
2006,3,1,1,4548977,4603.24
2006,3,1,2,674501,966.2
2006,3,1,3,1210521,2265.86
2006,3,2,1,19622200,16994.65
2006,3,2,2,9442876,7048.74
2006,3,2,3,4471179,4012.56
2006,3,3,1,9754752,8774.08
2006,3,3,2,3267568,2407
2006,3,3,3,2458537,1624.38
2006,4,1,1,1367297,1506.94
2006,4,1,2,801590,1326.16
2006,4,1,3,1108497,2048.85
2006,4,2,1,1976329,1233.94
2006,4,2,2,11488618,4223.22
2006,4,2,3,3365830,1423.48
2006,4,3,1,19386,9.79
2006,4,3,2,14424963,7778.97
2006,4,3,3,5589227,3232.58
2007,1,1,1,366828,500.71
2007,1,1,2,971458,1564.38
2007,1,1,3,91241,113.51
2007,1,2,1,566103,550.92
2007,1,2,2,2059749,2108.16
2007,1,2,3,195014,262.59
2007,1,3,1,124985,138.69
2007,1,3,2,720895,778.52
2007,1,3,3,47733,87.78
2007,2,1,1,437028,446.01
2007,2,1,2,272888,363.26
2007,2,1,3,276523,370.81
2007,2,2,1,2769195,2169.76
2007,2,2,2,1435013,1071.42
2007,2,2,3,1732668,1665.54
2007,2,3,1,1500078,1540.65
2007,2,3,2,656387,544.69
2007,2,3,3,1431568,1302.4
2007,3,1,1,2564805,3086.28
2007,3,1,2,633903,1199.66
2007,3,1,3,1294740,2126.32
2007,3,2,1,15259172,16319.82
2007,3,2,2,5273694,3629.21
2007,3,2,3,2521114,2242.16
2007,3,3,1,9444550,9628.84
2007,3,3,2,2430433,1985.96
2007,3,3,3,3846864,3778.71
2007,4,1,1,660532,778.84
2007,4,1,2,337395,476.67
2007,4,1,3,804494,1136.63
2007,4,2,1,1180669,901.1
2007,4,2,2,6142494,3173.46
2007,4,2,3,4032959,2227.62
2007,4,3,1,3093130,3436.91
2007,4,3,2,5707507,6097.46
2007,4,3,3,2881442,2927.34
2008,1,1,1,124369,154.14
2008,1,1,2,734406,1436.2
2008,1,1,3,12484,140.21
2008,1,2,1,161518,282.04
2008,1,2,2,414348,1089.5
2008,1,2,3,6681,97.46
2008,1,3,1,117402,203.62
2008,1,3,2,553250,1163.58
2008,1,3,3,        ,0
2008,2,1,1,43833,307.5
2008,2,1,2,162830,229.02
2008,2,1,3,9196,277.99
2008,2,2,1,2125399,3287.95
2008,2,2,2,853834,1355.42
2008,2,2,3,107873,163.89
2008,2,3,1,468036,2185.15
2008,2,3,2,571291,438.82
2008,2,3,3,13596,201.8
2008,3,1,1,2891627,1694.89
2008,3,1,2,213348,835.89
2008,3,1,3,355981,1499.45
2008,3,2,1,5968908,10777.62
2008,3,2,2,3173350,2146.82
2008,3,2,3,252440,1860.16
2008,3,3,1,5062119,8448.67
2008,3,3,2,956685,1134.77
2008,3,3,3,504636,2076.27
2008,4,1,1,177374,1685.35
2008,4,1,2,1118414,374.32
2008,4,1,3,429242,732.88
2008,4,2,1,508970,2975.34
2008,4,2,2,8839451,3012.64
2008,4,2,3,826414,894.22
2008,4,3,1,395144,1867.09
2008,4,3,2,6802400,4431.49
2008,4,3,3,3432244,3239.15
2009,1,1,1,147673,486.4
2009,1,1,2,2050841,2557.49
2009,1,1,3,13890,463.18
2009,1,2,1,132409,373.38
2009,1,2,2,1320134,1676.96
2009,1,2,3,31918,95.02
2009,1,3,1,76285,147.46
2009,1,3,2,1129071,2114.46
2009,1,3,3,2416,457.23
2009,2,1,1,232600,785.52
2009,2,1,2,194479,360.37
2009,2,1,3,        ,0
2009,2,2,1,863604,2734.99
2009,2,2,2,632290,926.11
2009,2,2,3,36358,296.81
2009,2,3,1,573083,2695.62
2009,2,3,2,1240273,649.75
2009,2,3,3,16240,626.3
2009,3,1,1,4156134,3250.6
2009,3,1,2,826207,1411.43
2009,3,1,3,592050,1427.81
2009,3,2,1,16880458,15553.68
2009,3,2,2,8101149,4211.95
2009,3,2,3,1400071,1933.83
2009,3,3,1,9486990,7944.42
2009,3,3,2,3732797,1071.06
2009,3,3,3,350630,1667.38
2009,4,1,1,182050,1959.68
2009,4,1,2,1960793,412.37
2009,4,1,3,1472027,1072.66
2009,4,2,1,1200133,1551.46
2009,4,2,2,10424073,3399.19
2009,4,2,3,1955386,1128.09
2009,4,3,1,472219,2252.23
2009,4,3,2,11263608,6569.58
2009,4,3,3,3663582,2163.35
2010,1,1,1,118997,495.29
2010,1,1,2,2312750,2763.58
2010,1,1,3,7277,148.43
2010,1,2,1,227228,643.71
2010,1,2,2,1985607,1815.62
2010,1,2,3,5803,25.74
2010,1,3,1,140584,124.49
2010,1,3,2,1079174,823.39
2010,1,3,3,2947,20.01
2010,2,1,1,100671,518.42
2010,2,1,2,135598,232.57
2010,2,1,3,20331,100.75
2010,2,2,1,201430,65.64
2010,2,2,2,51120,25.25
2010,2,2,3,        ,0
2010,2,3,1,482399,936.54
2010,2,3,2,244019,186.71
2010,2,3,3,14567,321.37
2010,3,1,1,3341976,2043.6
2010,3,1,2,385276,1692.95
2010,3,1,3,920417,2431.62
2010,3,2,1,8422407,9489
2010,3,2,2,3613967,2267.3
2010,3,2,3,639058,1926.74
2010,3,3,1,6901844,7408.78
2010,3,3,2,2997085,1397.64
2010,3,3,3,1024987,3411.26
2010,4,1,1,252753,1198.66
2010,4,1,2,1475797,1444.46
2010,4,1,3,799634,588.65
2010,4,2,1,1323000,2917.93
2010,4,2,2,7013943,3239.46
2010,4,2,3,587633,878.51
2010,4,3,1,1878145,2322.19
2010,4,3,2,8816403,4774.05
2010,4,3,3,1619822,1837.98
2011,1,1,1,116818,177.07
2011,1,1,2,1635882,1860.11
2011,1,1,3,55619,48.8
2011,1,2,1,140042,403.36
2011,1,2,2,2046743,1934.41
2011,1,2,3,        ,0
2011,1,3,1,121829,139.21
2011,1,3,2,867509,1103.98
2011,1,3,3,,0
2011,2,1,1,167260,519.53
2011,2,1,2,33969,408.77
2011,2,1,3,32474,208.93
2011,2,2,1,1346668,1949.09
2011,2,2,2,737036,756.37
2011,2,2,3,32104,755.44
2011,2,3,1,291380,592.58
2011,2,3,2,371360,228.61
2011,2,3,3,32823,567.97
2011,3,1,1,4536079,2894.85
2011,3,1,2,432848,1655.57
2011,3,1,3,399227,744.94
2011,3,2,1,8588081,10045.06
2011,3,2,2,8670781,6424.27
2011,3,2,3,575889,998.79
2011,3,3,1,3360378,6369.41
2011,3,3,2,3751188,2475.15
2011,3,3,3,752107,1665.72
2011,4,1,1,442846,668.73
2011,4,1,2,1400626,2116.69
2011,4,1,3,886071,1010.63
2011,4,2,1,584070,1466.16
2011,4,2,2,9006707,4407.43
2011,4,2,3,776165,739.87
2011,4,3,1,281296,1805.81
2011,4,3,2,10361819,8133.48
2011,4,3,3,2794453,1363.97
